{
  "corr_humor_offense": -0.3085288064316351,
  "corr_humor_controversy": 0.17365004960382324
}