id,missing_any_rate
"(0.999, 800.9]",0.37125
"(800.9, 1600.8]",0.4075
"(1600.8, 2400.7]",0.3725
"(2400.7, 3200.6]",0.38125
"(3200.6, 4000.5]",0.37875
"(4000.5, 4800.4]",0.38875
"(4800.4, 5600.3]",0.3975
"(5600.3, 6400.2]",0.34875
"(6400.2, 7200.1]",0.39625
"(7200.1, 8000.0]",0.3925
