{
  "n_total": 8000,
  "n_trainable": 4932,
  "humor_min": 0.1,
  "humor_max": 4.0,
  "humor_mean": 2.2605251419302514,
  "humor_std": 0.566973939757289
}